From,To,Gas,Quantity,Date
0xb716d04a80245e5e9a3a385cceba11ec6e6e9277,0x85304235aaccd484661601bf4d6b764a9122fcdb,21000,0.012061955833,2023-09-07 02:23:59
0x85304235aaccd484661601bf4d6b764a9122fcdb,0x35e53b9f0af66f58bfcf6daf7307a88feff558db,21000,0.01191468465,2023-09-28 05:13:35
0xaa364c1a348f9517009207a1601e0a73c1cd530b,0x85304235aaccd484661601bf4d6b764a9122fcdb,21000,0.00486926,2024-04-17 02:42:35
0x85304235aaccd484661601bf4d6b764a9122fcdb,0x35f4817b14718c66dbbdba085f5f8d2c3a4aa420,125693,0,2024-05-01 17:12:11
0x85304235aaccd484661601bf4d6b764a9122fcdb,0x97a9a15168c22b3c137e6381037e1499c8ad0978,48899,0,2024-07-04 18:42:23
0x85304235aaccd484661601bf4d6b764a9122fcdb,0x00005ea00ac477b1030ce78506496e8c2de24bf5,101956,0,2024-08-25 13:08:23
0x85304235aaccd484661601bf4d6b764a9122fcdb,0xb716d04a80245e5e9a3a385cceba11ec6e6e9277,21000,0.00029,2024-10-17 05:34:59
0x85304235aaccd484661601bf4d6b764a9122fcdb,0xb716d04a80245e5e9a3a385cceba11ec6e6e9277,21000,0.0002,2024-10-17 05:36:59
0x85304235aaccd484661601bf4d6b764a9122fcdb,0xb716d04a80245e5e9a3a385cceba11ec6e6e9277,21000,0.0003,2024-10-17 05:38:11
0x85304235aaccd484661601bf4d6b764a9122fcdb,0xc059a531b4234d05e9ef4ac51028f7e6156e2cce,120140,0,2024-11-26 05:36:47
0x85304235aaccd484661601bf4d6b764a9122fcdb,0xb131f4a55907b10d1f0a50d8ab8fa09ec342cd74,51450,0,2024-11-26 05:38:11
0x85304235aaccd484661601bf4d6b764a9122fcdb,0x960692640ac4986ffce41620b7e3aa03cf1a0e8f,39310,0,2024-12-29 05:40:11
0xb716d04a80245e5e9a3a385cceba11ec6e6e9277,0x85304235aaccd484661601bf4d6b764a9122fcdb,21000,0.0016,2025-01-21 00:47:35
0x85304235aaccd484661601bf4d6b764a9122fcdb,0xab7efcaf024d9357e1afe10a07354746d0ea151b,55557,0,2025-01-21 01:29:23
0x85304235aaccd484661601bf4d6b764a9122fcdb,0xab7efcaf024d9357e1afe10a07354746d0ea151b,82784,0,2025-01-21 06:01:59
0x85304235aaccd484661601bf4d6b764a9122fcdb,0x487d62468282bd04ddf976631c23128a425555ee,47307,0,2025-02-06 01:56:23
0xf70da97812cb96acdf810712aa562db8dfa3dbef,0x85304235aaccd484661601bf4d6b764a9122fcdb,21512,0.0010468416627108,2025-02-06 02:25:59
0xf70da97812cb96acdf810712aa562db8dfa3dbef,0x85304235aaccd484661601bf4d6b764a9122fcdb,21512,0.007577786545311265,2025-02-08 01:27:59
0x85304235aaccd484661601bf4d6b764a9122fcdb,0xe822c3d76ac133f7d9f12c39c1bf28a797624aa9,447526,0.008,2025-02-08 01:31:11
0x5e05a35a8da85315c3849bd70f77ddcdba53b246,0x85304235aaccd484661601bf4d6b764a9122fcdb,21000,0.00760608548,2025-02-09 04:33:47
0x85304235aaccd484661601bf4d6b764a9122fcdb,0x5c91681073f23fd1a3ef0896e7db45b4e686cd2b,21064,0,2025-02-10 11:26:11
0x87e217b112b2eecc1006b7bbfcf9088cc2e124b4,0x85304235aaccd484661601bf4d6b764a9122fcdb,21000,0.00464626416,2025-02-11 03:11:47
0x85304235aaccd484661601bf4d6b764a9122fcdb,0x66a9893cc07d91d95644aedd05d03f95e1dba8af,159585,0.004772911472920919,2025-02-11 03:12:11
0x85304235aaccd484661601bf4d6b764a9122fcdb,0x0e2b7a397ed34322c48eaea76d34a62fb79ad25f,95553,0,2025-02-11 03:22:23
0x5e05a35a8da85315c3849bd70f77ddcdba53b246,0x85304235aaccd484661601bf4d6b764a9122fcdb,21000,0.04041862724,2025-02-14 13:42:59
0x85304235aaccd484661601bf4d6b764a9122fcdb,0x66a9893cc07d91d95644aedd05d03f95e1dba8af,168004,0.03319476699781901,2025-02-14 13:48:23
0x85304235aaccd484661601bf4d6b764a9122fcdb,0x4c9edd5852cd905f086c759e8383e09bff1e68b3,46317,0,2025-02-14 13:49:59
0x85304235aaccd484661601bf4d6b764a9122fcdb,0x90d2af7d622ca3141efa4d8f1f24d86e5974cc8f,73628,0,2025-02-14 13:50:35
0x85304235aaccd484661601bf4d6b764a9122fcdb,0xe822c3d76ac133f7d9f12c39c1bf28a797624aa9,144993,0.003,2025-02-14 14:48:59
0x85304235aaccd484661601bf4d6b764a9122fcdb,0xf3de3c0d654fda23dad170f0f320a92172509127,195657,0.0075,2025-02-15 11:18:11
0x85304235aaccd484661601bf4d6b764a9122fcdb,0x4c9edd5852cd905f086c759e8383e09bff1e68b3,46317,0,2025-02-15 11:19:35
0x85304235aaccd484661601bf4d6b764a9122fcdb,0x90d2af7d622ca3141efa4d8f1f24d86e5974cc8f,56528,0,2025-02-15 11:19:59
0x85304235aaccd484661601bf4d6b764a9122fcdb,0x57e114b691db790c35207b2e685d4a43181e6061,46567,0,2025-02-16 07:10:11
0x85304235aaccd484661601bf4d6b764a9122fcdb,0x8be3460a480c80728a8c4d7a5d5303c85ba7b3b9,97798,0,2025-02-16 07:10:23
0x85304235aaccd484661601bf4d6b764a9122fcdb,0x8be3460a480c80728a8c4d7a5d5303c85ba7b3b9,53746,0,2025-02-16 07:11:35
0x85304235aaccd484661601bf4d6b764a9122fcdb,0x8707f238936c12c309bfc2b9959c35828acfc512,91470,0,2025-02-16 07:11:47
0x85304235aaccd484661601bf4d6b764a9122fcdb,0xa0b86991c6218b36c1d19d4a2e9eb0ce3606eb48,57448,0,2025-02-20 05:24:35
0x85304235aaccd484661601bf4d6b764a9122fcdb,0x6ca38519481e01fb9d7fccd4eed3b014ccb85253,21000,0.0008,2025-03-01 10:54:59
0x85304235aaccd484661601bf4d6b764a9122fcdb,0x00005ea00ac477b1030ce78506496e8c2de24bf5,129591,0,2025-03-10 13:46:23
0xb716d04a80245e5e9a3a385cceba11ec6e6e9277,0x85304235aaccd484661601bf4d6b764a9122fcdb,21000,0.001,2025-03-10 16:09:35
0x85304235aaccd484661601bf4d6b764a9122fcdb,0x00005ea00ac477b1030ce78506496e8c2de24bf5,36560,0,2025-03-10 16:10:23
0x85304235aaccd484661601bf4d6b764a9122fcdb,0x00005ea00ac477b1030ce78506496e8c2de24bf5,36548,0,2025-03-10 16:11:47
0x85304235aaccd484661601bf4d6b764a9122fcdb,0x8be3460a480c80728a8c4d7a5d5303c85ba7b3b9,31462,0,2025-03-17 10:26:35
0x85304235aaccd484661601bf4d6b764a9122fcdb,0x57e114b691db790c35207b2e685d4a43181e6061,24283,0,2025-03-17 10:26:59
0x85304235aaccd484661601bf4d6b764a9122fcdb,0x90d2af7d622ca3141efa4d8f1f24d86e5974cc8f,79796,0,2025-04-19 04:20:11
0x85304235aaccd484661601bf4d6b764a9122fcdb,0x4c9edd5852cd905f086c759e8383e09bff1e68b3,46610,0,2025-04-19 04:26:35
0x85304235aaccd484661601bf4d6b764a9122fcdb,0xf2c89f386401e2f11fc940bc8d9f7105a46a4bce,116977,0,2025-05-01 17:12:11
0x85304235aaccd484661601bf4d6b764a9122fcdb,0x8be3460a480c80728a8c4d7a5d5303c85ba7b3b9,53458,0,2025-05-02 02:41:59
0x85304235aaccd484661601bf4d6b764a9122fcdb,0x8707f238936c12c309bfc2b9959c35828acfc512,69805,0,2025-05-02 02:42:11
0x85304235aaccd484661601bf4d6b764a9122fcdb,0x8707f238936c12c309bfc2b9959c35828acfc512,68459,0,2025-05-04 19:02:23
0x85304235aaccd484661601bf4d6b764a9122fcdb,0x6ca38519481e01fb9d7fccd4eed3b014ccb85253,21000,0.00122,2025-05-12 23:29:47
0x85304235aaccd484661601bf4d6b764a9122fcdb,0x8707f238936c12c309bfc2b9959c35828acfc512,85214,0,2025-05-18 19:03:47
0x85304235aaccd484661601bf4d6b764a9122fcdb,0x8be3460a480c80728a8c4d7a5d5303c85ba7b3b9,53470,0,2025-05-18 19:04:47
0x84c1da743c9df69600ebe8e572b465a2dd01a5bd,0x85304235aaccd484661601bf4d6b764a9122fcdb,21000,0.000495819371,2025-05-18 19:06:11
0x85304235aaccd484661601bf4d6b764a9122fcdb,0x156acd2bc5fc336d59baae602a2bd9b5e20d6672,126526,0,2025-05-18 19:06:35
0x85304235aaccd484661601bf4d6b764a9122fcdb,0x57e114b691db790c35207b2e685d4a43181e6061,46629,0,2025-05-18 19:10:23
0xb3065548225ffa5fd1cda82dbd53e7028905c787,0x85304235aaccd484661601bf4d6b764a9122fcdb,21000,0.00022825,2025-08-04 10:32:59
0x85304235aaccd484661601bf4d6b764a9122fcdb,0x8595db610ae5218b9ec07c5c2374c097c7aa7696,21000,0.0001,2025-08-05 07:32:59
0x39b55e47a6cb77b58ea622ea2d32e47311d0f2d9,0x85304235aaccd484661601bf4d6b764a9122fcdb,21000,0.00001448,2025-08-05 08:11:47
0xc0467e166818ab8d50ab6e40959bbb2c9ebe8881,0x85304235aaccd484661601bf4d6b764a9122fcdb,21000,0.00017567,2025-08-05 08:17:35
0x85304235aaccd484661601bf4d6b764a9122fcdb,0x16ec6dadfe11e523c47cb8878b85606c0ca5cf95,77040,0,2025-08-05 16:59:11
0x85304235aaccd484661601bf4d6b764a9122fcdb,0x6bef15d938d4e72056ac92ea4bdd0d76b1c4ad29,46791,0,2025-08-05 17:02:35
